,id,X,Y,Z,id_moules,Nbrs_Moules,H1,H2,H3,H4,H5,H6,H7,H8,H9,H10,H11,H12,H13,H14,H15,H16,GMM_Class
0,94403,137573.8,5126205.801,7.83,633,3,9.917444,0.0643808,0.67991763,0.9981445,0.65773547,0.34040907,0.0011167788,0.0018554683,0.0028257624,-7.93e-10,-1.688e-09,53.722466,35.43485,0.5970001,-0.57299995,0.024000168,1
1,709868,138045.6,5126526.284,9.7,431,7,13.567337,0.043677278,0.68201435,0.99941176,0.7134721,0.28593963,0.0003430694,0.0005882435,0.0011538134,-2.208e-09,-2.996e-09,71.21344,50.850697,0.42700005,-0.20199966,0.22500038,1
2,2279028,136676.0,5127230.0,13.64,339,0,1.7340004,0.03428124,0.66786957,0.99972326,0.6250428,0.37468043,0.0001702523,0.0002767615,0.0002735687,1.863e-09,-0.0,9.600172,6.0031753,0.09300041,-0.07400036,0.019000053,0
3,2495977,137216.0,5127215.0,12.19,242,10,1.736094,0.044138785,0.6693598,0.9994089,0.62486523,0.37454364,0.00036352183,0.00059110374,0.0013122205,1.862e-09,-6e-12,9.609096,6.0100703,0.1600008,-0.06300068,0.09700012,0
4,2496489,137216.0,5127216.0,11.98,242,10,1.7350584,0.040946074,0.6686395,0.99952835,0.6239674,0.37556094,0.00029027235,0.0004716667,0.0006008704,-1.16e-10,0.0,9.610083,6.0009108,0.13599968,-0.0880003,0.047999382,0
5,3929673,141562.0,5128210.0,10.62,322,0,1.7407298,0.050327413,0.6712785,0.99912244,0.62848777,0.37063468,0.0005382891,0.00087754196,0.0045128805,1.862e-09,1.4e-11,9.60996,6.0481753,0.25199986,-0.13000011,0.12199974,0
6,4426837,141340.0,5128550.0,13.586,174,0,1.7364293,0.05545836,0.67200536,0.99882597,0.62533957,0.37348637,0.00072129467,0.0011740424,0.0013430172,-1.863e-09,-3e-12,9.601267,6.015325,0.18299961,-0.10999966,0.072999954,0
7,4598289,141272.0,5128885.0,11.88,348,0,1.7348429,0.042026438,0.66886735,0.9994899,0.62422365,0.37526628,0.00031384113,0.0005100683,0.000507591,-1.16e-10,0.0,9.606919,6.001766,0.08500004,-0.08500004,0.0,0
8,5427167,141669.0,5129319.0,13.09,419,94,1.7440354,0.09914337,0.69088185,0.9932208,0.62093115,0.37228966,0.0041475925,0.0067791967,0.0025195614,-1.16e-10,-0.0,9.603193,6.0280232,0.34699917,-0.33199978,0.01499939,3
9,5427353,141669.0,5129320.0,13.11,419,94,1.7347596,0.024824234,0.66708237,0.9998949,0.62579,0.37410495,6.4620035e-05,0.000105072184,0.00092245685,-1.16e-10,-0.0,9.60199,6.0098376,0.10099983,-0.07800007,0.022999763,0
10,13179818,148204.0,5134598.0,13.08,375,5,1.7355887,0.04997605,0.6706161,0.99914145,0.6251498,0.3739917,0.00052772753,0.0008585424,0.0009589818,-1.863e-09,-3e-12,9.60146,6.0105944,0.14600086,-0.034000397,0.112000465,0
11,13179819,148205.0,5134598.0,13.01,375,5,1.7365607,0.044956207,0.6697245,0.9993752,0.6260585,0.37331668,0.0003839374,0.0006247845,0.0017858151,1.862e-09,6e-12,9.604233,6.0188127,0.13599968,-0.09499931,0.041000366,0
12,15869356,150314.0,5135767.0,2.99,402,1,1.7364737,0.052662868,0.67137074,0.99899495,0.6258225,0.37317246,0.00061742606,0.0010050663,0.0015296235,-1.16e-10,-0.0,9.600657,6.0179563,0.15100002,-0.032999992,0.11800003,0
13,17253669,150969.0,5137308.0,9.28,561,0,1.735393,0.028129356,0.6673992,0.9998471,0.62607384,0.37377325,9.40138e-05,0.00015290212,0.0013188161,1.16e-10,-0.0,9.603254,6.013815,0.14599991,-0.06799984,0.07800007,0
14,19627605,153786.0,5139128.0,8.516,289,5,1.7714694,0.08005995,0.68296564,0.9964396,0.63709766,0.35934195,0.0021654032,0.003560396,0.022243405,1.16e-10,6e-12,9.696536,6.212164,0.62099934,-0.41799927,0.20300007,3
15,19627606,153787.0,5139128.0,8.56,289,5,1.7778618,0.07989142,0.6836001,0.99645793,0.64156854,0.35488942,0.0021484469,0.0035420426,0.026530873,-1.16e-10,-7e-12,9.705354,6.261026,0.62099934,-0.21000004,0.4109993,3
16,20765459,154259.0,5139561.0,12.78,522,7,1.7337631,0.025942972,0.66704106,0.9998801,0.62508285,0.37479722,7.3776406e-05,0.000119910466,0.00021154864,-1.16e-10,-0.0,9.600473,6.002243,0.072999954,-0.020000458,0.052999496,0
17,20765971,154259.0,5139562.0,12.766,522,7,1.7340913,0.0333782,0.66778183,0.99974453,0.62516457,0.37457997,0.00015713925,0.00025545742,0.00035761134,-1.16e-10,-0.0,9.600207,6.0041623,0.0899992,-0.038999557,0.05099964,0
18,21503644,153190.0,5139921.0,7.664,380,1,1.7742287,0.15337537,0.73774916,0.9739813,0.6056509,0.3683304,0.015695771,0.026018698,0.009018554,-1.16e-10,-2e-12,9.632727,6.0847006,0.68200016,-0.6529999,0.029000282,3
19,25526072,159007.0,5141781.0,8.75,250,2,1.7506042,0.07130843,0.67753905,0.9974962,0.6270979,0.37039828,0.0015340981,0.0025038098,0.009209649,1.857e-09,-4.2e-11,9.653443,6.0778246,0.42800045,-0.22700024,0.20100021,0
20,26510634,160787.0,5142183.0,6.6,328,2,1.7342672,0.01724644,0.6666176,0.9999648,0.6255228,0.37444198,2.166978e-05,3.522625e-05,0.0006197266,-1.16e-10,-0.0,9.601667,6.0064,0.09599972,-0.062999725,0.032999992,0
21,27327715,160571.0,5142856.0,11.9,569,6,1.7335414,0.02841518,0.66720986,0.9998424,0.62485975,0.37498268,9.6952586e-05,0.00015756491,2.6264393e-05,-1.16e-10,-0.0,9.600119,6.000241,0.047999382,0.0,0.047999382,0
22,27327716,160572.0,5142856.0,11.93,569,6,1.7339885,0.032573707,0.66758835,0.9997626,0.6246005,0.3751621,0.00014607678,0.00023738577,0.00020193854,1.16e-10,0.0,9.603184,6.0004334,0.087999344,-0.028999329,0.059000015,0
23,28292422,160969.0,5143402.0,9.52,187,1,1.7362133,0.046193685,0.6699835,0.9993221,0.6261514,0.3731707,0.00041652817,0.0006779026,0.0015802142,1.863e-09,3e-12,9.601137,6.0182743,0.17000008,-0.10599995,0.06400013,0
24,28403756,161205.0,5143619.0,11.37,518,0,1.734318,0.03536712,0.66795546,0.9996961,0.6247497,0.3749464,0.00018697332,0.0003038985,0.00039093377,-1.16e-10,-0.0,9.603341,6.002603,0.09500027,-0.05700016,0.038000107,0
25,30614777,162638.0,5145698.0,8.36,638,0,1.7893507,0.14436308,0.7302464,0.97840524,0.6238592,0.354546,0.012953874,0.021594739,0.022844065,1.16e-10,-5e-12,9.660279,6.235266,0.72000027,-0.5010004,0.21899986,3
26,31267094,164023.0,5145777.0,12.11,272,1,1.7334968,0.018489935,0.66657895,0.9999566,0.6250146,0.374942,2.6708332e-05,4.340375e-05,7.8286954e-05,1.863e-09,-0.0,9.6003065,6.000748,0.04200077,-0.028000832,0.013999939,0
27,32546982,163416.38,5146125.339,4.727,465,2,1.7361283,0.039058484,0.6688019,0.9995904,0.6265869,0.37300348,0.000251694,0.00040960836,0.0017258768,1.16e-10,0.0,9.601263,6.0199585,0.1630001,-0.1079998,0.055000305,0
28,38656137,171743.0,5150718.0,5.336,297,3,1.7349223,0.029974291,0.6674561,0.999815,0.6254137,0.3744013,0.00011378276,0.00018498614,0.0009127079,-1.862e-09,4e-12,9.604169,6.0083556,0.12199974,-0.027999878,0.09399986,0
29,38656138,171744.0,5150718.0,5.31,297,3,1.735439,0.043905023,0.66947997,0.99941814,0.6257936,0.3736245,0.00035765168,0.000581884,0.0011097956,-1.863e-09,1e-12,9.600098,6.013266,0.14499998,-0.069000244,0.07599974,0
30,38656624,171743.0,5150719.0,5.37,297,3,1.7420427,0.031124631,0.66766936,0.9997929,0.62595403,0.37383884,0.00012736916,0.00020714916,0.005086878,-1.859e-09,2.5e-11,9.640119,6.036268,0.29300022,-0.14000034,0.15299988,0
31,38656625,171744.0,5150719.0,5.31,297,3,1.741309,0.037887674,0.6685646,0.9996262,0.6262312,0.373395,0.00022975438,0.0003738055,0.004647733,-1.859e-09,2.2e-11,9.632443,6.035737,0.29199982,-0.13600016,0.15599966,0
32,40382929,171633.0,5152722.0,12.12,622,1,1.7341154,0.033310328,0.66776824,0.9997461,0.6251333,0.3746128,0.0001561842,0.00025389946,0.00036636493,-1.16e-10,-0.0,9.600544,6.004057,0.083999634,-0.041999817,0.041999817,0
33,40970209,171801.0,5153386.0,9.26,309,14,1.733689,0.028046047,0.66719157,0.9998485,0.6249435,0.37490502,9.3219634e-05,0.0001515049,0.00012949029,-1.863e-09,1e-12,9.600513,6.0012326,0.055999756,-0.00399971,0.052000046,0
34,40970210,171802.0,5153386.0,9.26,309,14,1.7339485,0.0305976,0.66738653,0.99980325,0.6246674,0.37513587,0.000121064186,0.00019673667,0.00020867147,1.862e-09,-1e-12,9.603047,6.0006,0.07999992,-0.007999897,0.07200003,0
35,40970695,171801.0,5153387.0,9.1,309,14,1.7392173,0.066177174,0.67545,0.99800134,0.6260805,0.37192085,0.0012261032,0.0019986434,0.0027310112,-1.862e-09,6e-12,9.602582,6.0311813,0.25600004,-0.23199987,0.024000168,0
36,40970696,171802.0,5153387.0,9.1,309,14,1.7349664,0.054638598,0.6715747,0.9988777,0.62412214,0.3747556,0.0006900583,0.0011222878,0.00029696507,1.863e-09,-1e-12,9.60097,6.0029526,0.14700031,-0.14700031,0.0,0
37,48905372,188076.0,5161279.0,14.73,246,2,1.740861,0.031394206,0.6683496,0.9997872,0.6296757,0.37011155,0.00013053113,0.00021277895,0.005083469,-1.16e-10,1e-12,9.61152,6.054185,0.25,-0.10599995,0.14400005,0
38,51430943,190873.0,5163227.0,12.95,576,4,1.7364465,0.05664455,0.6720786,0.99874926,0.6239157,0.37483352,0.00076902896,0.001250762,0.0010570476,-1.862e-09,-5e-12,9.608862,6.0071383,0.18200111,-0.057001114,0.125,0
39,51430944,190874.0,5163227.0,12.63,576,4,1.7363023,0.05047311,0.6708225,0.9991154,0.62567705,0.37343836,0.0005435377,0.0008845784,0.0014558409,1.862e-09,4e-12,9.601989,6.0162377,0.1420002,-0.13600159,0.0059986115,0
40,56890252,211707.0,5167539.0,9.34,484,1,1.7334437,0.01840818,0.66657585,0.99995714,0.62501746,0.37493974,2.6355576e-05,4.283053e-05,4.848449e-05,-1.863e-09,0.0,9.600002,6.0005803,0.026999474,-0.001999855,0.024999619,0
41,60838725,209889.0,5168791.0,8.516,218,3,1.7362641,0.06788858,0.67553073,0.99784315,0.62300515,0.374838,0.0013253875,0.002156828,0.00039417794,-1.16e-10,-0.0,9.60253,6.0031366,0.14599991,0.0,0.14599991,0
42,60838726,209890.0,5168791.0,8.53,218,3,1.7358658,0.067211136,0.6752573,0.99790746,0.6228512,0.37505627,0.0012861073,0.0020925433,0.00016309145,1.862e-09,1e-12,9.6019945,6.000706,0.14599991,-0.14599991,0.0,0
43,62880107,210429.0,5169004.0,10.07,378,2,1.7570486,0.0847772,0.68403846,0.9957748,0.6295619,0.36621293,0.0025794562,0.004225181,0.012592478,1.16e-10,-3e-12,9.65404,6.118606,0.4460001,-0.20699978,0.23900032,3
44,69295038,202574.0,5170800.0,3.096,539,3,1.7334298,0.01347795,0.66639894,0.9999832,0.6249738,0.37500942,1.0344482e-05,1.680986e-05,4.3530417e-05,-1.16e-10,-0.0,9.600491,6.000216,0.02699995,-0.007999897,0.019000053,0
45,69295325,202574.0,5170801.0,3.086,539,3,1.7334539,0.013955281,0.66642916,0.99998134,0.6250728,0.3749086,1.1482535e-05,1.8660385e-05,7.489917e-05,-1.16e-10,-0.0,9.600017,6.0008883,0.031000137,-0.014000177,0.01699996,0
46,69295536,202497.0,5170802.0,3.652,87,1,1.7339488,0.013751061,0.666487,0.9999821,0.6254288,0.37455335,1.0984323e-05,1.7854627e-05,0.0004263009,-1.16e-10,0.0,9.600664,6.004703,0.07300019,-0.032999992,0.0400002,0
47,70930359,221707.0,5170840.0,13.984,632,1,1.734248,0.048269346,0.67007345,0.99922675,0.6242128,0.37501398,0.00047561593,0.00077323697,4.9296308e-05,1.863e-09,-0.0,9.60058,6.0002284,0.08500004,-0.07400036,0.01099968,0
48,71023297,198526.0,5171315.0,6.336,215,2,1.7352736,0.018049834,0.66668046,0.9999596,0.6256934,0.37426627,2.483994e-05,4.038413e-05,0.0012284563,1.862e-09,5e-12,9.60617,6.010905,0.13999987,-0.072999954,0.06699991,0
49,71296921,199287.0,5171079.0,10.65,85,2,1.7642039,0.10517151,0.6929785,0.9919073,0.6094325,0.38247478,0.0049782493,0.008092731,0.011298823,1.846e-09,-4.7e-11,9.7672615,6.0315304,0.42199993,-0.42199993,0.0,3
50,71605971,200213.0,5171508.0,5.613,525,1,1.7337674,0.014946353,0.666505,0.99997705,0.62533844,0.37463865,1.4105443e-05,2.2926766e-05,0.00030289099,-1.16e-10,0.0,9.600134,6.0035524,0.061999798,-0.024999619,0.03700018,0
51,73355205,198997.0,5171974.0,3.01,86,1,1.7334789,0.021814676,0.6667336,0.9999287,0.62493086,0.37499785,4.3864256e-05,7.128264e-05,4.053131e-05,1.16e-10,0.0,9.600372,6.0002537,0.030999899,-0.0039999485,0.02699995,0
52,75805278,199075.0,5172084.0,1.998,217,28,1.7334144,0.01543177,0.66646457,0.9999748,0.62502533,0.37494946,1.5526706e-05,2.5232075e-05,4.0571147e-05,1.863e-09,0.0,9.600001,6.000486,0.028999925,-0.020999908,0.008000016,0
53,75805279,199076.0,5172084.0,2.012,217,28,1.7333703,0.012590714,0.6663829,0.9999863,0.62500393,0.3749824,8.433003e-06,1.3703894e-05,1.6158598e-05,1.863e-09,0.0,9.600019,6.0001817,0.016000032,-0.011999965,0.0040000677,0
54,77067975,201909.0,5172257.0,11.805,461,12,1.7349257,0.048112877,0.6701196,0.9992342,0.62466425,0.37456995,0.00047092416,0.0007658149,0.00052703446,-1.16e-10,-0.0,9.601753,6.005225,0.13299942,-0.13299942,0.0,0
55,77067976,201910.0,5172257.0,11.805,461,12,1.7358402,0.053953156,0.6715525,0.9989193,0.6250064,0.37391287,0.00066417194,0.0010807192,0.0009821448,-1.16e-10,-0.0,9.601075,6.01111,0.13299942,-0.11299896,0.020000458,0
56,77089100,202214.0,5172141.0,15.41,195,3,1.7340101,0.029106243,0.6673152,0.99983066,0.62509286,0.3747378,0.00010419182,0.00016935667,0.00033457685,-1.16e-10,0.0,9.601198,6.0032663,0.069000244,0.0,0.069000244,0
57,77089101,202215.0,5172141.0,15.41,195,3,1.7338996,0.03339373,0.66772574,0.9997442,0.6248378,0.37490642,0.00015737771,0.00025579377,0.00018655302,-1.16e-10,0.0,9.601071,6.0015683,0.07999992,-0.019001007,0.060998917,0
58,77540174,200462.0,5172615.0,3.922,313,24,1.7428163,0.07895645,0.6793099,0.9966019,0.61844456,0.37815735,0.002090825,0.003398094,0.0027814615,1.858e-09,6e-12,9.651092,6.00146,0.23199987,-0.19300008,0.038999796,0
59,77540175,200463.0,5172615.0,3.922,313,24,1.7439024,0.07758024,0.67858356,0.99677813,0.6178838,0.37889436,0.0019835134,0.0032218753,0.0033731651,1.857e-09,6e-12,9.662535,6.001455,0.23199987,-0.23199987,0.0,3
60,77540678,200462.0,5172616.0,3.809,313,24,1.7435288,0.07525639,0.679405,0.9970531,0.628535,0.36851814,0.0018030233,0.002946913,0.0052488516,-1.16e-10,-0.0,9.600761,6.0627065,0.26,-0.06500006,0.19499993,0
61,77540679,200463.0,5172616.0,3.818,313,24,1.7434733,0.07519572,0.6792275,0.9970609,0.62763894,0.36942196,0.0017992352,0.0029390815,0.0050583547,1.16e-10,1e-12,9.605813,6.0572147,0.26,-0.06500006,0.19499993,0
62,77647248,201227.0,5172602.0,0.855,403,19,2.1139345,0.043110467,0.62070745,0.99945617,0.44481847,0.5546377,0.00037611008,0.0005438199,0.00070310716,3.96e-10,1.821e-09,13.158123,5.8601317,0.110000014,0.0,0.110000014,3
63,77647249,201228.0,5172602.0,0.855,403,19,2.1138003,0.04789339,0.62177974,0.99925405,0.44482487,0.5544292,0.0005157472,0.00074593374,0.00058986654,-3.96e-10,-1.821e-09,13.153551,5.8608384,0.110000014,-0.110000014,0.0,3
64,77647414,201227.0,5172603.0,0.855,403,19,1.7336582,0.032995928,0.6676578,0.99975324,0.6247181,0.37503514,0.00015182569,0.00024674888,2.9108855e-05,1.863e-09,0.0,9.600549,6.000006,0.065999985,-0.042999983,0.023000002,0
65,77647415,201228.0,5172603.0,0.855,403,19,1.7340316,0.035922848,0.66797954,0.99968153,0.6244726,0.37520897,0.00019594884,0.00031843834,0.00016823859,1.862e-09,0.0,9.60322,6.000006,0.065999985,-0.065999985,0.0,0
66,85390151,234996.0,5175229.0,10.99,394,0,1.7831739,0.08162713,0.68634164,0.9962068,0.6541499,0.34205693,0.0022826507,0.0037931635,0.031357244,1.16e-10,6e-12,9.657709,6.354223,0.6330004,-0.44799995,0.18500042,3
67,92476727,245500.0,5178118.0,0.09,448,1,1.7335584,0.022841193,0.66679496,0.99991816,0.6249259,0.37499228,5.035302e-05,8.182817e-05,8.0938255e-05,-1.863e-09,0.0,9.600718,6.0005226,0.052000046,-0.032999992,0.019000053,0
68,92487030,245730.0,5178115.0,0.38,163,40,1.7355832,0.039812006,0.6688504,0.99956626,0.626197,0.37336925,0.00026658762,0.00043375528,0.0013304118,1.863e-09,-1e-12,9.600264,6.0158205,0.15600014,-0.07999992,0.07600021,0
69,94081412,245578.0,5178228.0,3.21,306,5,11.322743,0.07456409,0.6727815,0.9971566,0.59397835,0.4031783,0.0017774716,0.0028433593,0.00029118554,-1.866e-09,-1e-12,63.703766,38.01979,0.55,-0.43999997,0.110000014,1
70,94081443,245655.0,5178228.0,0.69,222,13,11.347801,0.07375344,0.6726979,0.9972482,0.59530395,0.40194425,0.0017190297,0.0027518359,0.002826917,-2.39e-10,-1.846e-09,63.79918,38.155468,0.73,-0.5999999,0.13000011,1
71,94081533,245501.0,5178229.0,1.48,237,6,10.6438265,0.055710852,0.6773394,0.9987993,0.6578056,0.3409937,0.0007231931,0.0012006502,0.0003301672,-1.85e-09,2.49e-10,57.700302,38.02486,0.37999964,-0.20999956,0.17000008,1
72,94081534,245502.0,5178229.0,1.41,237,6,11.309245,0.045608357,0.66415226,0.99935204,0.59578717,0.40356487,0.00040571878,0.0006479666,0.00038874292,-1.866e-09,2e-12,63.73069,38.011223,0.28999996,0.0,0.28999996,1
73,94081566,245425.0,5178230.0,0.91,298,2,11.335028,0.07640021,0.67377466,0.9969394,0.59494,0.40199938,0.0019116042,0.0030605954,0.0014948057,1.866e-09,4e-12,63.71727,38.102966,0.55999994,0.0,0.55999994,4
74,95961743,245899.0,5179781.0,16.31,303,2,1.7407725,0.02845056,0.6672665,0.9998418,0.62516075,0.3746811,9.730443e-05,0.00015816612,0.0042360555,1.16e-10,1e-12,9.638372,6.027056,0.27600098,-0.13800049,0.13800049,0
75,95989094,246052.0,5179891.0,14.16,581,1,1.756484,0.043486055,0.6703745,0.9994338,0.6313877,0.36804613,0.00034680206,0.0005661613,0.014094204,1.854e-09,6.5e-11,9.683407,6.1194663,0.48899984,-0.21499968,0.27400017,3
76,104005667,250396.9,5187187.73,0.25,463,1,1.724184,0.020198591,0.6693022,0.9999432,0.6404142,0.35952902,3.4628283e-05,5.680866e-05,0.0010306644,-1.68e-09,-8.02e-10,9.458941,6.0581775,0.13599968,-0.072999954,0.062999725,1
77,104173664,251009.0,5187292.0,13.23,284,7,1.7335967,0.0032436664,0.66628385,0.99999976,0.62501717,0.37498257,1.44189e-07,2.3431e-07,0.00015496706,1.863e-09,1e-12,9.601354,6.0010138,0.049999237,-0.02599907,0.024000168,0
78,104174176,251009.0,5187293.0,13.24,284,7,1.7335455,0.005613682,0.6663174,0.9999988,0.6251573,0.3748415,7.47387e-07,1.214623e-06,0.00015094325,-1.16e-10,-0.0,9.600232,6.0016665,0.044000626,-0.022000313,0.022000313,0
79,104230213,251238.0,5187402.0,13.51,450,37,2.5598137,0.03421652,0.6299007,0.9997292,0.47432008,0.5254091,0.00018360758,0.0002707958,0.0017409024,-5.99e-10,-1.763e-09,15.6206665,7.413426,0.22099876,-0.11400032,0.10699844,1
80,104230214,251239.0,5187402.0,13.51,450,37,1.7371134,0.032777846,0.667725,0.99975806,0.6252391,0.374519,0.00014880589,0.00024191714,0.0021167148,-1.861e-09,1e-11,9.616657,6.015036,0.18600082,-0.046001434,0.13999939,0
81,104231008,251009.0,5187404.0,14.1,458,6,1.7750231,0.10064013,0.6635468,0.99302316,0.49465424,0.49836895,0.0046246825,0.006976832,0.014118778,-3.637e-09,-8.03e-10,10.589371,5.3119574,0.41499996,-0.3430004,0.07199955,3
82,104231009,251010.0,5187404.0,14.09,458,6,1.748774,0.105486974,0.7146592,0.9912854,0.8004173,0.19086805,0.0047939294,0.008714628,0.006695933,-1.16e-10,1e-12,8.658028,7.005487,0.42499924,-0.1079998,0.31699944,1
83,104231368,250857.0,5187405.0,6.06,529,2,1.7342967,0.020661078,0.66667265,0.99993944,0.6249494,0.37499005,3.7266313e-05,6.056039e-05,0.00052012724,-1.862e-09,3e-12,9.6049185,6.00317,0.10400009,-0.06800079,0.035999298,0
84,104690715,251087.0,5187514.0,14.37,206,20,1.750191,0.022452332,0.66756266,0.9999222,0.6294257,0.37049645,4.774614e-05,7.7806224e-05,0.010399842,-1.856e-09,-4.9e-11,9.666114,6.0848527,0.41200066,-0.19000053,0.22200012,0
85,104690716,251088.0,5187514.0,14.41,206,20,1.750191,0.022452481,0.66756266,0.9999222,0.6294257,0.37049648,4.774709e-05,7.780777e-05,0.010399845,-1.856e-09,-4.9e-11,9.666114,6.0848527,0.41200066,-0.19000053,0.22200012,0
86,104691074,250934.0,5187515.0,7.902,278,0,1.7336257,0.008172916,0.6663514,0.99999624,0.6252336,0.37476268,2.306332e-06,3.748345e-06,0.00021006129,1.863e-09,-0.0,9.600195,6.0024,0.051999986,-0.025999993,0.025999993,0
87,104691150,251010.0,5187515.0,13.44,166,0,1.7368389,0.02262514,0.66668344,0.9999205,0.6243753,0.37554523,4.894752e-05,7.9516925e-05,0.0018691135,1.16e-10,1e-12,9.622173,6.008612,0.17999983,-0.07399988,0.10599995,0
88,104691227,251087.0,5187515.0,14.37,206,20,1.7456384,1.9903951e-05,0.66790843,1.0,0.63435864,0.36564136,0.0,0.0,0.0087244995,-1.861e-09,-2.3e-11,9.61279,6.097956,0.32800007,-0.16400051,0.16399956,0
89,104691228,251088.0,5187515.0,14.414,206,20,1.7455616,0.0140492385,0.6679353,0.9999809,0.6336969,0.366284,1.1679572e-05,1.9081326e-05,0.008557,-1.861e-09,-2.5e-11,9.616035,6.0938354,0.32800007,-0.16400051,0.16399956,0
90,104691510,250858.0,5187516.0,0.788,253,1,1.7347316,0.012474451,0.6665073,0.99998665,0.62571883,0.37426785,8.19938e-06,1.3330105e-05,0.0009326787,1.862e-09,-4e-12,9.603338,6.0091176,0.11800003,-0.052000046,0.065999985,0
91,104746700,251317.0,5187623.0,17.2,207,1,1.7343212,0.0051311925,0.66644007,0.99999905,0.6258615,0.37413752,5.70616e-07,9.27744e-07,0.0007278716,-1.16e-10,0.0,9.60037,6.008512,0.0880003,-0.04600048,0.041999817,0
92,104747123,251240.0,5187624.0,15.71,325,1,1.7394816,0.023817291,0.667489,0.99990714,0.6285012,0.37140593,5.701407e-05,9.285807e-05,0.004133534,1.16e-10,-1e-12,9.612243,6.042199,0.24400043,-0.1420002,0.10200024,0
93,104747472,251088.0,5187625.0,10.76,270,5,1.7335838,0.027286213,0.66710913,0.99986047,0.6248507,0.3750098,8.584849e-05,0.00013951494,5.6849334e-05,-1.16e-10,-0.0,9.600621,6.000294,0.05699998,-0.015999973,0.04100001,0
94,104747473,251089.0,5187625.0,10.805,270,5,1.7335647,0.024689931,0.6669117,0.99989665,0.6248828,0.37501386,6.359805e-05,0.00010335252,6.733381e-05,1.863e-09,0.0,9.600753,6.0003376,0.048000008,-0.023000002,0.025000006,0
95,104747896,251011.0,5187626.0,5.227,192,16,1.7334118,0.016162863,0.6664856,0.99997103,0.6250055,0.37496555,1.7839862e-05,2.899091e-05,3.380687e-05,1.863e-09,-0.0,9.60006,6.000368,0.026999995,-0.004999995,0.022,0
96,104747897,251012.0,5187626.0,5.31,192,16,1.7334236,0.018074324,0.666556,0.99995947,0.6249865,0.3749729,2.4947685e-05,4.054168e-05,3.210502e-05,-1.863e-09,-0.0,9.6001005,6.000323,0.031000003,-0.008000001,0.023000002,0
97,104747973,251088.0,5187626.0,10.76,270,5,1.7429291,5.428537e-06,0.66751623,1.0,0.6320692,0.36793083,0.0,0.0,0.0067804116,1.861e-09,1.9e-11,9.611334,6.075028,0.29200006,-0.14600003,0.14600003,0
98,104747974,251089.0,5187626.0,10.81,270,5,1.7438837,0.03394357,0.66935307,0.99973077,0.63382435,0.36590642,0.0001647465,0.00026925554,0.0075203427,-1.862e-09,-1.1e-11,9.603103,6.0892653,0.29200006,-0.14600003,0.14600003,0
99,104748322,250935.0,5187627.0,1.384,382,1,1.7347449,0.0035675645,0.66651607,0.9999997,0.62632185,0.37367785,1.91748e-07,3.11844e-07,0.0010566054,1.16e-10,0.0,9.600005,6.012696,0.09399986,-0.04600048,0.047999382,0
100,104796906,251089.0,5187736.0,12.88,175,1,1.8048544,0.01702627,0.58752203,0.99996585,0.37747717,0.6224887,2.4810783e-05,3.417798e-05,0.0011179842,-0.0,-0.0,11.791762,4.4515243,0.10400009,-0.05600071,0.047999382,1
101,105387273,252995.0,5187608.0,9.836,481,0,2.8748405,0.096609384,0.69930196,0.99360585,0.6907013,0.30290455,0.0037535713,0.0063941698,0.03451186,-0.0,-0.0,15.188566,10.58788,0.9639988,-0.4130001,0.5509987,4
102,105715296,252009.0,5188284.0,19.67,186,0,1.7783679,0.028306372,0.5932023,0.9998436,0.38705972,0.61278385,0.00011274192,0.00015641504,0.0011759201,0.0,0.0,11.536419,4.4670877,0.17499924,-0.063999176,0.11100006,1
103,107349295,252011.0,5188506.0,-0.9,369,3,1.7352287,0.032525957,0.667487,0.99976367,0.62406117,0.3757025,0.0001454642,0.00023631152,0.000817325,1.16e-10,-0.0,9.613255,6.001531,0.11199951,-0.028999329,0.08300018,0
104,107349296,252012.0,5188506.0,-0.9,369,3,1.7350966,0.043729108,0.66913384,0.99942535,0.6240171,0.37540823,0.00035359917,0.0005746575,0.0005878293,-1.16e-10,0.0,9.608782,6.001566,0.12899971,-0.08500099,0.04399872,0
105,107349686,252011.0,5188507.0,-0.9,369,3,1.736676,0.02897668,0.66765594,0.9998328,0.62709093,0.3727419,0.00010273105,0.00016718711,0.0022364983,1.862e-09,-7e-12,9.604178,6.024299,0.16699982,-0.09899998,0.06799984,0
106,107349687,252012.0,5188507.0,-0.9,369,3,1.7350408,0.043037876,0.6690968,0.9994521,0.6245159,0.37493622,0.00033702474,0.00054787134,0.0006595657,-1.16e-10,0.0,9.605842,6.0042634,0.1279993,-0.03999996,0.087999344,0
107,107388306,252089.0,5188617.0,-0.121,385,2,1.9104289,0.02624819,0.6194594,0.9998774,0.4479293,0.55194813,8.4647e-05,0.00012258363,0.0009744459,1.15e-10,-2e-11,11.872782,5.319622,0.099999905,-0.05799985,0.042000055,1
108,107425082,252242.0,5188727.0,3.793,252,7,1.6230842,0.025399346,0.67682654,0.9998854,0.68931276,0.31057265,6.784488e-05,0.000114626775,9.909672e-05,-0.0,0.0,8.645987,5.9607797,0.052000046,-0.04699993,0.0050001144,1
109,107425083,252243.0,5188727.0,3.76,252,7,1.5789206,0.023322374,0.6510829,0.9999141,0.55043656,0.44947752,5.5404813e-05,8.591117e-05,6.4900385e-05,3.672e-09,-6.28e-10,9.16433,5.045169,0.03799963,-0.007999897,0.029999733,1
110,107425558,252013.0,5188729.0,-3.465,212,2,1.6519376,0.035751358,0.67603993,0.9996816,0.67573375,0.3239478,0.00018994919,0.00031842524,0.00085845747,-1.16e-10,-5e-12,8.868825,5.9957886,0.14899999,-0.049000025,0.099999964,1
111,107516743,252244.0,5188949.0,3.047,277,5,1.7484708,0.047484342,0.6701084,0.9992637,0.62535626,0.37390745,0.00045258115,0.0007362721,0.008416381,-1.855e-09,-4.2e-11,9.672952,6.056163,0.40000153,-0.19000244,0.20999908,3
112,107516744,252245.0,5188949.0,3.025,277,5,1.7508727,0.0524882,0.67159736,0.99900454,0.6273692,0.37163532,0.00061095256,0.0009954617,0.010036173,-1.855e-09,-4.8e-11,9.671192,6.0770354,0.42000198,-0.13999939,0.2800026,3
113,107517451,252015.0,5188951.0,1.027,146,1,1.7505662,0.07349652,0.6778702,0.9972594,0.62388366,0.3733757,0.001682015,0.0027406162,0.008503469,1.856e-09,4.2e-11,9.669471,6.0591254,0.40399933,-0.27700043,0.1269989,3
114,108490154,254837.0,5188927.0,13.95,416,0,1.7365266,0.053846814,0.6713186,0.998926,0.6238314,0.37509456,0.00066053495,0.0010740162,0.0011632966,1.861e-09,-6e-12,9.611893,6.0065236,0.20400047,-0.13399982,0.07000065,0
115,111170275,251788.0,5189175.0,0.286,239,1,42.789715,0.021987718,0.6691214,0.99992675,0.63873595,0.36119077,4.4695615e-05,7.325086e-05,1.6167685e-05,1.511e-09,1.096e-09,234.98172,150.10849,0.100000024,0.0,0.100000024,4
116,111328405,251941.0,5189174.0,0.681,216,4,1.7333856,0.018586392,0.6665723,0.9999559,0.6249533,0.3750026,2.712913e-05,4.4085966e-05,2.524742e-06,1.863e-09,0.0,9.600044,6.000003,0.020999998,-0.0059999824,0.0150000155,0
117,111328406,251942.0,5189174.0,0.671,216,4,1.7334778,0.026018884,0.6670128,0.99987906,0.6248905,0.37498853,7.4431286e-05,0.0001209607,1.1074284e-05,1.16e-10,-0.0,9.6000185,6.0001216,0.038000017,-0.02000001,0.018000007,0
118,111442147,252019.0,5189396.0,0.265,177,1,1.7338011,0.027572216,0.66710985,0.99985605,0.62471706,0.37513897,8.858108e-05,0.0001439447,0.0001556236,1.862e-09,1e-12,9.602562,6.0002666,0.06800002,-0.023000002,0.045000017,0
119,116464361,256597.0,5189579.0,12.55,604,2,1.7357482,0.03853137,0.668591,0.99960685,0.6258417,0.37376517,0.00024170331,0.00039316138,0.0013776367,1.16e-10,0.0,9.603753,6.014205,0.1760006,-0.07900047,0.09700012,0
120,123150885,268197.0,5190609.0,13.09,471,0,1.7341081,0.03129289,0.66757184,0.9997895,0.625302,0.37448752,0.00012947743,0.00021049443,0.00041194443,1.16e-10,-0.0,9.600019,6.0049324,0.08899975,-0.07800007,0.01099968,0
121,125484446,267975.0,5191722.0,21.83,460,0,1.7564495,0.048466995,0.67212594,0.9992149,0.63589877,0.36331615,0.0004794691,0.00078511576,0.01477206,1.16e-10,-4e-12,9.653951,6.146515,0.45600033,-0.2550001,0.20100021,3
122,128314783,255938.0,5192920.0,4.965,455,0,1.7340251,0.03423243,0.66782194,0.99972445,0.6248083,0.37491614,0.00016954061,0.00027556444,0.0002450428,-1.862e-09,1e-12,9.601708,6.0018725,0.07900047,-0.048000336,0.031000137,0
123,128503913,256167.0,5192918.0,8.05,300,0,1.7376794,0.083177134,0.6817986,0.99601996,0.6210962,0.3749238,0.0024431548,0.003980037,7.256592e-05,-1.863e-09,-0.0,9.600107,6.0007987,0.23799992,-0.09200001,0.14599991,0
124,130198572,256550.0,5193248.0,9.055,283,0,1.7337003,0.0206162,0.66664547,0.99993986,0.62480986,0.37513,3.70259e-05,6.01645e-05,0.00015066753,-1.862e-09,1e-12,9.602446,6.00028,0.05099964,-0.027999878,0.022999763,0
125,131922996,256479.0,5193805.0,12.39,599,0,1.738958,0.037474018,0.6690181,0.999638,0.6291663,0.37047172,0.00022207122,0.0003619517,0.0038392874,1.862e-09,-7e-12,9.602256,6.0448914,0.21700001,-0.11800003,0.09899998,0
126,132003285,256938.0,5194023.0,5.77,269,0,1.7374076,0.03895276,0.6688487,0.9995937,0.62694544,0.37264824,0.0002496223,0.00040632472,0.0025281743,-1.16e-10,-1e-12,9.60626,6.0265045,0.18599987,-0.15499973,0.031000137,0
127,133841836,273629.0,5194024.0,5.695,262,1,1.7336391,0.024195578,0.66685975,0.9999027,0.6247867,0.37511605,5.9855676e-05,9.7264354e-05,9.509035e-05,-1.862e-09,0.0,9.601804,6.0000134,0.048000336,-0.008998871,0.039001465,0
128,133898376,256862.0,5194135.0,16.83,594,0,1.7346585,0.038139433,0.66823924,0.9996189,0.6241826,0.3754363,0.00023454337,0.00038112004,0.00044909178,-1.862e-09,-1e-12,9.607666,6.000599,0.12399864,-0.049999237,0.073999405,0
129,134095535,257322.0,5194465.0,8.59,292,0,1.7343547,0.042071622,0.6689247,0.99948823,0.62450325,0.37498498,0.00031482236,0.0005117522,0.00027712152,1.862e-09,-1e-12,9.602544,6.0017343,0.09899902,-0.01199913,0.08699989,0
130,134148832,257247.0,5194576.0,17.33,456,0,1.7348226,0.0583157,0.67250735,0.998635,0.62366074,0.37497428,0.000839283,0.0013650021,2.4004232e-05,1.863e-09,0.0,9.600032,6.000267,0.12899971,-0.07999992,0.048999786,0
131,149941105,278290.0,5196781.0,9.65,301,0,1.7461107,0.072650276,0.6784157,0.99735004,0.629101,0.36824903,0.0016213736,0.0026499743,0.006951757,1.861e-09,-2.2e-11,9.615142,6.074375,0.33300018,-0.059999466,0.27300072,0
132,149998221,278062.0,5196893.0,11.05,554,15,1.7384056,0.07385451,0.6780478,0.9972188,0.62405163,0.37316716,0.0017066674,0.002781209,0.0015563873,1.16e-10,-0.0,9.600832,6.0181165,0.27400017,-0.17100048,0.10299969,0
133,149998222,278063.0,5196893.0,10.98,554,15,1.7428577,0.07663283,0.6792002,0.996891,0.62383264,0.37305835,0.0019073026,0.003109,0.0039370744,1.86e-09,-1.8e-11,9.622842,6.0329604,0.26200008,-0.26200008,0.0,0
134,153434340,278673.0,5197335.0,12.31,548,2,1.7464293,0.08193205,0.6808311,0.9961993,0.6190618,0.37713748,0.0023364932,0.0038006878,0.0048014373,1.856e-09,2.2e-11,9.662642,6.0184975,0.31400013,-0.21600056,0.09799957,3
135,163273326,262842.0,5199092.0,11.03,566,0,1.738111,0.052287288,0.6709959,0.9990167,0.62421256,0.37480417,0.0006046569,0.0009832804,0.00218434,-1.861e-09,-1.1e-11,9.619481,6.0140595,0.20699978,-0.087999344,0.119000435,0
136,176436681,277545.38,5200340.94,9.22,189,3,1.7341017,0.04268068,0.6690452,0.99946564,0.62458324,0.3748824,0.00032869066,0.0005343366,0.000136197,-1.16e-10,-0.0,9.600404,6.0013814,0.08600044,-0.027999878,0.058000565,0
137,178074609,281580.0,5200546.0,7.2,444,4,1.7348847,0.040767252,0.6688585,0.9995343,0.62537074,0.3741636,0.000286336,0.00046566883,0.0007626419,1.863e-09,2e-12,9.6009,6.0085926,0.116000175,-0.04699993,0.069000244,0
138,178074610,281581.0,5200546.0,7.28,444,4,1.7346847,0.04606885,0.6697406,0.9993278,0.62491226,0.37441552,0.0004133466,0.0006722077,0.00047402506,1.863e-09,-0.0,9.60006,6.0056486,0.1079998,-0.03999996,0.06799984,0
139,178074768,281580.0,5200547.0,7.027,444,4,1.7424883,0.021191482,0.66672343,0.9999347,0.6250728,0.37486187,4.020902e-05,6.534784e-05,0.0052397503,-1.858e-09,-2.6e-11,9.649496,6.032268,0.3000002,-0.16699982,0.13300037,0
140,178074769,281581.0,5200547.0,7.24,444,4,1.7428917,0.020368472,0.66665906,0.999942,0.6249591,0.3749829,3.5705107e-05,5.8023477e-05,0.005452254,-1.16e-10,-2e-12,9.652493,6.032973,0.28999996,-0.15400028,0.13599968,0
141,178589034,284474.0,5200647.0,13.766,424,1,1.7407194,0.06203641,0.6743193,0.99835414,0.6275713,0.37078285,0.0010091934,0.0016458561,0.0040152166,-1.16e-10,-1e-12,9.606249,6.0444164,0.2680006,-0.08100033,0.18700027,0
142,178722057,284930.0,5200423.0,13.59,230,0,1.7336674,0.033360355,0.66770107,0.99974495,0.6247211,0.3750239,0.00015691297,0.00025501984,3.137588e-05,1.16e-10,-0.0,9.600485,6.0000734,0.061000824,-0.013999939,0.047000885,0
143,180352179,278766.06,5201002.28,10.37,466,16,1.7346046,0.039797854,0.6685507,0.9995669,0.6245125,0.37505442,0.00026646853,0.00043311226,0.00045676707,1.862e-09,-2e-12,9.604802,6.002479,0.09599972,-0.06799984,0.027999878,0
144,184073874,282801.0,5201320.0,11.195,628,14,1.7368019,0.052471407,0.6711046,0.9990062,0.6245739,0.37443227,0.0006109909,0.0009938143,0.0014934877,1.16e-10,0.0,9.609976,6.0116906,0.19999981,-0.109000206,0.0909996,0
145,184073875,282802.0,5201320.0,11.414,628,14,1.735629,0.04026076,0.668621,0.9995516,0.6244927,0.3750589,0.0002758809,0.00044841395,0.0010367822,1.862e-09,5e-12,9.610411,6.0059404,0.16600037,-0.11100006,0.055000305,0
146,186241313,283260.0,5201874.0,6.555,295,6,1.7336875,0.033467285,0.6677095,0.9997425,0.6246973,0.3750452,0.00015842839,0.00025747975,3.7535665e-05,-1.863e-09,0.0,9.600707,6.000008,0.061000347,-0.021000385,0.03999996,0
147,186241314,283261.0,5201874.0,6.562,295,6,1.7419683,0.0806809,0.68063146,0.9963701,0.62138075,0.37498927,0.0022288216,0.0036299494,0.0027492072,1.16e-10,-1e-12,9.626257,6.016514,0.3250003,-0.03600025,0.28900003,0
148,186453879,283870.0,5202205.0,8.47,468,10,11.386693,0.118175395,0.69858646,0.9884966,0.5849198,0.4035768,0.007154167,0.011503375,0.000442995,-1.866e-09,-2e-12,63.734398,38.012672,0.8480005,-0.73700047,0.11100006,4
149,186453880,283871.0,5202205.0,8.47,468,10,10.726425,0.047865555,0.6754071,0.9992393,0.6573185,0.34192085,0.0004585641,0.00076068443,0.008154141,-1.3e-11,-1.859e-09,58.19599,38.29757,0.8120003,-0.3579998,0.45400047,1
150,186454385,283870.0,5202206.0,8.46,468,10,13.109998,0.048796643,0.69656783,0.9990907,0.95178217,0.047308512,0.00046546734,0.00090933737,0.0029030684,-4.3e-11,1.08e-10,60.396156,57.538902,0.5810003,-0.43300056,0.14799976,4
151,186454386,283871.0,5202206.0,8.45,468,10,12.253592,0.057588246,0.6934965,0.9985978,0.80993974,0.18865804,0.0007735184,0.001402191,0.0019889337,0.0,-0.0,60.837223,49.359795,0.533,-0.1819992,0.3510008,4
152,188673401,284252.0,5202649.0,5.258,290,0,1.7338022,0.027250864,0.6670876,0.999861,0.62474656,0.37511447,8.551852e-05,0.0001389697,0.00016380343,1.862e-09,1e-12,9.602452,6.0004334,0.059000015,-0.004000187,0.05499983,0
153,200636577,282590.0,5205767.0,7.965,629,40,1.733399,0.016374674,0.6664864,0.99996984,0.6249678,0.37500206,1.8550734e-05,3.0145464e-05,1.8994797e-05,1.16e-10,-0.0,9.600198,6.000104,0.027999878,-0.026000023,0.001999855,0
154,200637089,282590.0,5205768.0,7.93,629,40,1.7357578,0.037692122,0.6685131,0.99963194,0.6260997,0.3735323,0.00022622498,0.00036803086,0.0014412683,1.862e-09,4e-12,9.60258,6.015706,0.14300013,-0.031000137,0.11199999,0
155,204841468,283581.0,5206430.0,3.555,274,4,1.7498722,0.11340259,0.70027244,0.9897938,0.6163319,0.37346193,0.0062356703,0.010206197,0.0035690302,1.86e-09,-1.6e-11,9.622059,6.0285864,0.44399977,-0.042999983,0.40099978,3
156,204841980,283581.0,5206431.0,3.557,274,4,1.7680458,0.10442922,0.6958748,0.9920405,0.62988967,0.36215085,0.004836228,0.0079595065,0.017332116,1.855e-09,-7e-11,9.668446,6.1670103,0.51600003,-0.027999878,0.48800015,3
157,208705234,283660.0,5207431.0,8.35,248,1,1.7361952,0.029647324,0.66742957,0.999821,0.62544537,0.37437564,0.00011009786,0.00017899746,0.0016537214,1.862e-09,-8e-12,9.611098,6.0129375,0.16900015,-0.12200022,0.04699993,0
158,216387225,275838.0,5209576.0,6.34,642,1,1.7394372,0.042924613,0.6698922,0.9994558,0.62917376,0.37028205,0.0003338013,0.0005441836,0.0040377504,1.862e-09,7e-12,9.60271,6.046999,0.25299978,-0.1329999,0.119999886,0
159,219012699,282378.22,5209991.281,3.416,645,1,1.7336578,0.025696779,0.6670037,0.9998835,0.62497973,0.37490377,7.169842e-05,0.000116525196,0.00013326805,-1.863e-09,1e-12,9.60054,6.0012617,0.04699993,-0.004999876,0.042000055,0
160,221952258,277897.0,5211011.0,14.43,184,0,1.749802,0.08370738,0.68389034,0.9959316,0.63194066,0.36399096,0.0024805996,0.004068375,0.008968671,1.16e-10,1e-12,9.6021185,6.107034,0.3709998,-0.16099977,0.21000004,3
